<?xml version="1.0" encoding="UTF-8"?>
<project-private xmlns="http://www.netbeans.org/ns/project-private/1">
    <editor-bookmarks xmlns="http://www.netbeans.org/ns/editor-bookmarks/2" lastBookmarkId="0"/>
    <open-files xmlns="http://www.netbeans.org/ns/projectui-open-files/2">
        <group>
            <file>file:/Applications/MAMP/htdocs/OnlineCRM/Methods/GetTasks.php</file>
            <file>file:/Applications/MAMP/htdocs/OnlineCRM/Methods/GetCustomerName.php</file>
            <file>file:/Applications/MAMP/htdocs/OnlineCRM/Methods/UpdateTask.php</file>
            <file>file:/Applications/MAMP/htdocs/OnlineCRM/CSS/table.css</file>
            <file>file:/Applications/MAMP/htdocs/OnlineCRM/content/myOrders.php</file>
            <file>file:/Applications/MAMP/htdocs/OnlineCRM/Methods/Login.php</file>
            <file>file:/Applications/MAMP/htdocs/OnlineCRM/Methods/GetUsers.php</file>
            <file>file:/Applications/MAMP/htdocs/OnlineCRM/content/users.php</file>
            <file>file:/Applications/MAMP/htdocs/OnlineCRM/Methods/DBTask.php</file>
            <file>file:/Applications/MAMP/htdocs/OnlineCRM/Methods/logout.php</file>
            <file>file:/Applications/MAMP/htdocs/OnlineCRM/home.php</file>
            <file>file:/Applications/MAMP/htdocs/OnlineCRM/Methods/GetProducts.php</file>
            <file>file:/Applications/MAMP/htdocs/OnlineCRM/includes/functions.php</file>
            <file>file:/Applications/MAMP/htdocs/OnlineCRM/index.php</file>
            <file>file:/Applications/MAMP/htdocs/OnlineCRM/Methods/DBMyOrder.php</file>
            <file>file:/Applications/MAMP/htdocs/OnlineCRM/content/tasks.php</file>
            <file>file:/Applications/MAMP/htdocs/OnlineCRM/content/contact.php</file>
            <file>file:/Applications/MAMP/htdocs/OnlineCRM/Methods/GetProductName.php</file>
            <file>file:/Applications/MAMP/htdocs/OnlineCRM/Methods/GetMyOrders.php</file>
            <file>file:/Applications/MAMP/htdocs/OnlineCRM/footer.php</file>
            <file>file:/Applications/MAMP/htdocs/OnlineCRM/Methods/DBProduct.php</file>
            <file>file:/Applications/MAMP/htdocs/OnlineCRM/content/products.php</file>
            <file>file:/Applications/MAMP/htdocs/OnlineCRM/Methods/db.php</file>
            <file>file:/Applications/MAMP/htdocs/OnlineCRM/CSS/main.css</file>
            <file>file:/Applications/MAMP/htdocs/OnlineCRM/Methods/GetContactInfo.php</file>
            <file>file:/Applications/MAMP/htdocs/OnlineCRM/header.php</file>
            <file>file:/Applications/MAMP/htdocs/OnlineCRM/Methods/DBUser.php</file>
            <file>file:/Applications/MAMP/htdocs/OnlineCRM/Methods/DBContact.php</file>
        </group>
    </open-files>
</project-private>
